Book Id,Title,Author,Author l-f,Additional Authors,ISBN,ISBN13,My Rating,Publisher,Binding,Number of Pages,Year Published,Original Publication Year,Date Read,Date Added,Bookshelves,Bookshelves with positions,Exclusive Shelf,My Review,Spoiler,Private Notes,Read Count,Owned Copies
510652,O Amor nos Tempos do Cólera,Gabriel García Márquez,"Márquez, Gabriel García",,"=""850102872X""","=""9788501028723""",0,Record,Paperback,432,1998,1985,,2026/05/20,to-read,to-read (#84),to-read,,,,0,0
3234419,Cem Anos de Solidão,Gabriel García Márquez,"Márquez, Gabriel García",Margarida Santiago,"=""9722000314""","=""9789722000314""",0,Publicações Dom Quixote,Paperback,378,2005,1967,,2026/04/03,currently-reading,currently-reading (#3),currently-reading,,,,1,0
21206786,How Much Land Does a Man Need?,Leo Tolstoy,"Tolstoy, Leo",,"=""""","=""""",0,Calypso Editions,Kindle Edition,66,2013,1886,2026/04/03,2026/04/02,,,read,,,,1,0
56705963,Ballad for Sophie,Filipe Melo,"Melo, Filipe","Juan Cavia, Gabriela Soares","=""1603094989""","=""9781603094986""",5,Top Shelf Productions,Paperback,320,2021,2020,2026/03/27,2024/06/17,favorites,favorites (#5),read,"Um livro escrito por quem ama música, ilustrado por um mestre das artes plásticas.<br/>Uma verdadeira e completa obra de arte. Impossível não amar esta história.",,,1,0
43726576,How Charts Lie: Getting Smarter about Visual Information,Alberto Cairo,"Cairo, Alberto",,"=""1324001569""","=""9781324001560""",0,W. W. Norton & Company,Hardcover,256,2019,2019,,2024/09/29,to-read,to-read (#83),to-read,,,,1,0
123255619,O Dever de Deslumbrar - Biografia de Natália Correia,Filipa Martins,"Martins, Filipa",,"=""9896661766""","=""9789896661762""",0,Contraponto Editores,Paperback,695,2023,2023,,2024/11/20,did-not-finish,did-not-finish (#1),did-not-finish,,,,1,0
39996759,A Philosophy of Software Design,John Ousterhout,"Ousterhout, John",,"=""1732102201""","=""9781732102200""",0,Yaknyam Press,Paperback,190,2018,2018,,2026/03/27,currently-reading,currently-reading (#2),currently-reading,,,,1,0
199296673,A Malnascida,Beatrice Salvioni,"Salvioni, Beatrice",,"=""989784872X""","=""9789897848728""",5,Alfaguara,Paperback,248,2023,2023,2026/03/23,2025/01/01,,,read,,,,1,0
227966799,Nem Todas as Árvores Morrem de Pé,Luísa Sobral,"Sobral, Luísa",,"=""9722084909""","=""9789722084901""",0,Dom Quixote,Paperback,224,2025,2025,,2026/03/21,to-read,to-read (#82),to-read,,,,0,0
54493401,Project Hail Mary,Andy Weir,"Weir, Andy",,"=""0593135202""","=""9780593135204""",0,Ballantine Books,Hardcover,476,2021,2021,,2026/03/21,to-read,to-read (#81),to-read,,,,0,0
6334,Never Let Me Go,Kazuo Ishiguro,"Ishiguro, Kazuo",,"=""1400078776""","=""9781400078776""",0,Vintage Books ,Paperback,288,2010,2005,,2026/03/14,to-read,to-read (#80),to-read,,,,0,0
211096409,Catarina e a Beleza de Matar Fascistas,Tiago Rodrigues,"Rodrigues, Tiago",Gonçalo Frota,"=""9896718261""","=""9789896718268""",4,Tinta da China,Paperback,224,2024,,2026/03/13,2025/07/22,,,read,"Teatro que nos traz uma ótima reflexão. Relativamente ao livro como um todo, infelizmente o posfácio, apesar de conter vários elementos interessantes, demontrou-se demasiado extenso.",,,1,0
223854625,Book of Lives: A Memoir of Sorts,Margaret Atwood,"Atwood, Margaret",,"=""038554751X""","=""9780385547512""",0,Doubleday,Hardcover,602,2025,2025,,2026/03/12,to-read,to-read (#79),to-read,,,,0,0
242603763,O Essencial Sobre a Descolonização Portuguesa,António Duarte Silva,"Silva, António Duarte",,"=""9722733141""","=""9789722733144""",0,Imprensa Nacional - Casa da Moeda,Paperback,128,2025,,,2026/03/11,currently-reading,currently-reading (#1),currently-reading,,,,1,0
6740506,Fernão Capelo Gaivota,Richard Bach,"Bach, Richard",,"=""9721030031""","=""9789721030039""",0,Europa-América,Paperback,96,1996,1970,2026/02/27,2026/02/25,,,read,,,,1,0
34454589,The Handmaid's Tale,Margaret Atwood,"Atwood, Margaret",,"=""1328879941""","=""9781328879943""",5,Houghton Mifflin Harcourt,Hardcover,320,2017,1985,2026/02/24,2026/02/02,,,read,,,,1,0
15929764,What Are You Looking At?: 150 Years of Modern Art in a Nutshell,Will Gompertz,"Gompertz, Will",,"=""0670920495""","=""9780670920495""",0,Viking,Hardcover,435,2012,2012,,2026/02/13,to-read,to-read (#78),to-read,,,,0,0
2190195,The Language of Fear: Stories,Del James,"James, Del",,"=""0440217121""","=""9780440217121""",0,Dell,Mass Market Paperback,368,1995,1995,,2026/02/12,to-read,to-read (#77),to-read,,,,0,0
222476092,How to Kill a Witch: The Patriarchy's Guide to Silencing Women,Zoe Venditozzi,"Venditozzi, Zoe",Claire   Mitchell,"=""1464241228""","=""9781464241222""",0,Sourcebooks,Hardcover,320,2025,2025,,2026/01/26,to-read,to-read (#76),to-read,,,,0,0
327335,As Intermitências da Morte,José Saramago,"Saramago, José",,"=""9722117386""","=""9789722117388""",5,Editorial Caminho,Paperback,214,2005,2005,2026/01/22,2025/12/26,,,read,,,,1,0
241379386,A malcriada,Beatrice Salvioni,"Salvioni, Beatrice",Ana Cláudia Santos,"=""9895894023""","=""9789895894024""",0,Alfaguara Portugal,Kindle Edition,480,2025,2024,,2026/01/02,to-read,to-read (#75),to-read,,,,0,0
197798168,All Fours,Miranda July,"July, Miranda",,"=""0593190262""","=""9780593190265""",0,Riverhead Books,Hardcover,336,2024,2024,,2025/12/27,to-read,to-read (#74),to-read,,,,0,0
879188,Memorial do Convento,José Saramago,"Saramago, José",,"=""""","=""""",0,Editorial Caminho,Paperback,376,2006,1982,,2025/12/26,,,read,,,,1,0
48564330,Betty,Tiffany   McDaniel,"McDaniel, Tiffany",,"=""052565707X""","=""9780525657071""",0,Knopf,Hardcover,480,2020,2020,,2025/12/26,to-read,to-read (#73),to-read,,,,0,0
210373324,A Language of Limbs,Dylin Hardcastle,"Hardcastle, Dylin",Sophie Hardcastle,"=""1761562428""","=""9781761562426""",0,Picador Australia,Kindle Edition,277,2024,2024,,2025/12/24,to-read,to-read (#72),to-read,,,,0,0
213975223,O Caderno Proibido,Alba de Céspedes,"Céspedes, Alba de",Ana Cláudia Santos,"=""9897872310""","=""9789897872310""",5,Alfaguara,Paperback,294,2024,1952,2025/12/24,2025/04/04,,,read,,,,1,0
195430687,Blue Sisters,Coco Mellors,"Mellors, Coco",,"=""0593723767""","=""9780593723760""",4,Ballantine Books,Hardcover,352,2024,2024,2025/12/01,2024/09/02,,,read,,,,1,0
60913117,Bessborough: Three Women. Three Decades. Three Stories of Courage.,Deirdre Finnerty,"Finnerty, Deirdre",,"=""""","=""""",0,Hachette Books Ireland,Kindle Edition,265,2022,2022,,2025/10/31,to-read,to-read (#71),to-read,,,,0,0
53845051,Radium Girls,Cy.,"Cy., Cy.",,"=""2344033440""","=""9782344033449""",0,Glénat,Hardcover,136,2020,2020,,2025/10/31,to-read,to-read (#70),to-read,,,,0,0
208579942,"Um Dedo Borrado de Tinta, Histórias de Quem Não Pôde Aprender a Ler",Catarina  Gomes,"Gomes, Catarina",,"=""9899153508""","=""9789899153509""",4,Fundação Francisco Manuel dos Santos,Kindle Edition,87,2024,2024,2025/10/13,2025/01/15,,,read,,,,1,0
208877363,A Desobediente: Biografia de Maria Teresa Horta,Patrícia Reis,"Reis, Patrícia",,"=""9896663564""","=""9789896663568""",4,Contraponto Editores,Paperback,424,2024,,2025/09/30,2024/12/10,,,read,,,,1,0
12971382,O Retorno,Dulce Maria Cardoso,"Cardoso, Dulce Maria",,"=""""","=""9788565500012""",5,Edições Tinta-da-China Brasil,Hardcover,271,2013,2012,2025/10/10,2024/01/04,,,read,,,,1,0
234905201,Educação da tristeza,Valter Hugo Mãe,"Mãe, Valter Hugo",,"=""972005591X""","=""9789720055910""",0,Porto Editora,Paperback,192,2025,2025,,2025/10/03,to-read,to-read (#69),to-read,,,,0,0
7512097,O Pequeno Livro do Grande Terramoto: Ensaio sobre 1755,Rui Tavares,"Tavares, Rui",,"=""9728955014""","=""9789728955014""",4,Edições Tinta-da-China,Paperback,224,2009,2005,,2025/06/26,,,read,,,,2,0
40494738,Furriel não é nome de pai - Os filhos que os militares portugueses deixaram na guerra colonial,Catarina  Gomes,"Gomes, Catarina",,"=""9896714363""","=""9789896714369""",5,Tinta da China,Paperback,236,2018,2018,2025/07/22,2025/01/15,,,read,,,,1,0
56301206,The Story of Art Without Men,Katy Hessel,"Hessel, Katy",,"=""1788167406""","=""9781788167406""",0,Profile Books,Hardcover,352,2022,2022,,2025/07/18,to-read,to-read (#68),to-read,,,,0,0
35959740,Circe,Madeline Miller,"Miller, Madeline",,"=""0316556343""","=""9780316556347""",5,"Little, Brown and Company",Hardcover,393,2018,2018,2024/04/05,2023/12/23,,,read,,,,1,0
3143104,O Principezinho,Antoine de Saint-Exupéry,"Saint-Exupéry, Antoine de",Joana Morais Varela,"=""9722328298""","=""9789722328296""",5,Editorial Presença,Paperback,96,2009,1943,,2022/01/21,favorites,favorites (#4),read,,,,1,0
2531634,Cemitério de Pianos,José Luís Peixoto,"Peixoto, José Luís",,"=""9722515349""","=""9789722515344""",5,Bertrand,Paperback,315,2006,2006,,2022/01/21,favorites,favorites (#3),read,,,,1,0
35036409,"My Brilliant Friend (Neapolitan Novels, #1)",Elena Ferrante,"Ferrante, Elena",Ann Goldstein,"=""""","=""""",5,Penguin Random House ,Paperback,331,2012,2011,,2023/11/01,favorites,favorites (#2),read,,,,1,0
1934,"Little Women (Little Women, #1)",Louisa May Alcott,"Alcott, Louisa May","Regina Barreca, Grzegorz Komerski, Marta Fihel","=""""","=""""",5,Signet Classics,Mass Market Paperback,449,2004,1868,2024/08/04,2022/01/21,favorites,favorites (#1),read,,,,1,0
43226692,A Natureza da Mordida,Carla Madeira,"Madeira, Carla",,"=""9788566256""","=""9788566256352""",5,Quixote+Do,Paperback,268,2018,2018,2025/06/17,2025/06/01,,,read,,,,1,0
28501524,A Room of One's Own and Three Guineas,Virginia Woolf,"Woolf, Virginia",,"=""1784870870""","=""9781784870874""",4,Vintage Classics,Paperback,272,2016,1938,2025/05/31,2025/05/02,,,read,,,,1,0
61278539,Ejaculate Responsibly: A Whole New Way to Think About Abortion,Gabrielle Stanley Blair,"Blair, Gabrielle Stanley",,"=""1523523182""","=""9781523523184""",2,Workman Publishing Company,Paperback,137,2022,2022,2025/04/21,2025/04/14,,,read,,,,1,0
139400713,Martyr!,Kaveh Akbar,"Akbar, Kaveh",,"=""0593537610""","=""9780593537619""",0,Knopf,Hardcover,331,2024,2024,,2025/05/04,to-read,to-read (#67),to-read,,,,0,0
159604,Woman at Point Zero,Nawal El Saadawi,"Saadawi, Nawal El",Sherif Hetata,"=""""","=""""",0,Zed Books,Paperback,108,1990,1975,,2025/05/03,to-read,to-read (#66),to-read,,,,0,0
61842212,Soldier Sailor,Claire Kilroy,"Kilroy, Claire",,"=""""","=""""",0,Faber & Faber,ebook,256,2023,2023,,2025/05/02,to-read,to-read (#65),to-read,,,,0,0
35133922,Educated,Tara Westover,"Westover, Tara",,"=""0399590501""","=""9780399590504""",0,Random House,Hardcover,352,2018,2018,,2025/04/30,to-read,to-read (#64),to-read,,,,0,0
208931300,Intermezzo,Sally Rooney,"Rooney, Sally",,"=""0374602638""","=""9780374602635""",5,"Farrar, Straus and Giroux",Hardcover,464,2024,2024,2025/04/14,2024/09/02,,,read,"A book about the relationship of two brothers while grieving their father’s death. And, of course, about how they navigate romantic relationships (it’s Sally Rooney, what else could we expect?).<br/><br/>Maybe the book touched me in a special way because I recently saw a person very close to me lose their father and was trying to understand their feelings through the characters (and trying to put myself in their position).<br/><br/>A very well written and touching book. My favorite one from the author so far.<br/>",,,1,0
60811826,I Who Have Never Known Men,Jacqueline Harpman,"Harpman, Jacqueline","Ros Schwartz, Sophie Mackintosh","=""1945492600""","=""9781945492600""",0,Transit Books,Paperback,173,2022,1995,,2025/02/28,to-read,to-read (#63),to-read,,,,0,0
32620332,The Seven Husbands of Evelyn Hugo,Taylor Jenkins Reid,"Reid, Taylor Jenkins",,"=""1501139231""","=""9781501139239""",4,Atria Books,Hardcover,389,2017,2017,2025/02/20,2022/01/21,,,read,,,,1,0
24100,The Golden Notebook,Doris Lessing,"Lessing, Doris",,"=""006093140X""","=""9780060931407""",0,Harper Perennial Modern Classics,Paperback,640,1999,1962,,2025/02/05,to-read,to-read (#62),to-read,,,,0,0
23551324,Um Quarto Só Para Si,Virginia Woolf,"Woolf, Virginia",,"=""972708852X""","=""9789727088522""",0,Relógio D'Água Editores,Paperback,162,2007,1929,,2025/02/04,to-read,to-read (#61),to-read,,,,0,0
9938267,Novas Cartas Portuguesas,Maria Isabel Barreno,"Barreno, Maria Isabel","Maria Velho da Costa, Maria Teresa Horta, Ana Luísa Amaral","=""9722040111""","=""9789722040112""",0,Publicações Dom Quixote,Paperback,415,2010,1972,,2025/02/04,to-read,to-read (#60),to-read,,,,0,0
2175,Madame Bovary,Gustave Flaubert,"Flaubert, Gustave","Mark Overstall, Malcolm Bowie, Margaret Mauldon","=""0192840398""","=""9780192840394""",4,Oxford University Press,Paperback,329,2004,1856,2025/01/22,2024/12/23,,,read,,,,1,0
212620353,Melhor não contar,Tatiana Salem Levy,"Levy, Tatiana Salem",,"=""6556926027""","=""9786556926025""",0,Todavia,Kindle Edition,243,2024,2024,,2025/01/16,to-read,to-read (#59),to-read,,,,0,0
60194162,Demon Copperhead,Barbara Kingsolver,"Kingsolver, Barbara",,"=""""","=""""",0,Harper,Hardcover,560,2022,2022,,2025/01/15,to-read,to-read (#58),to-read,,,,0,0
51777543,Data Feminism,Catherine D’Ignazio,"D’Ignazio, Catherine",Lauren F. Klein,"=""0262044005""","=""9780262044004""",0,MIT Press,Hardcover,328,2020,2020,,2025/01/09,to-read,to-read (#57),to-read,,,,0,0
33098885,Frida Kahlo: Una biografía,María Hesse,"Hesse, María",,"=""8426403433""","=""9788426403438""",4,Lumen,Hardcover,149,2016,2016,2024/05/06,2024/05/05,,,read,,,,1,0
41104077,Invisible Women: Data Bias in a World Designed for Men,Caroline Criado Pérez,"Pérez, Caroline Criado",,"=""1419729071""","=""9781419729072""",4,Abrams Press,Hardcover,448,2019,2019,2024/07/24,2024/05/21,,,read,,,,1,0
52219386,Almond,Sohn Won-Pyung,"Won-Pyung, Sohn",Joosun Lee,"=""0062961373""","=""9780062961372""",3,HarperVia,Hardcover,272,2020,2017,2024/08/15,2024/07/28,,,read,,,,1,0
78960,Good Wives,Louisa May Alcott,"Alcott, Louisa May",,"=""1419122126""","=""9781419122125""",4,Kessinger ,Paperback,248,2004,1869,2024/12/01,2024/08/04,,,read,,,,1,0
59634120,Small Worlds,Caleb Azumah Nelson,"Nelson, Caleb Azumah",,"=""024157434X""","=""9780241574348""",0,Viking,Paperback,260,2023,2023,,2025/01/01,to-read,to-read (#56),to-read,,,,0,0
55440814,Boys Don't Cry,Fíona Scarlett,"Scarlett, Fíona",,"=""0571365205""","=""9780571365203""",0,Faber Faber,Paperback,0,2021,2021,,2025/01/01,to-read,to-read (#55),to-read,,,,0,0
43263540,For the Love of Men: A New Vision for Mindful Masculinity,Liz Plank,"Plank, Liz",,"=""1250196248""","=""9781250196248""",0,St. Martin's Press,Hardcover,325,2019,2019,,2025/01/01,to-read,to-read (#54),to-read,,,,0,0
220918754,"Direitas Velhas, Direitas Novas",Fernando Rosas,"Rosas, Fernando",,"=""989671889X""","=""9789896718893""",0,Tinta-da-China,Paperback,220,2024,,,2024/12/24,to-read,to-read (#53),to-read,,,,0,0
944103,The Palm-Wine Drinkard,Amos Tutuola,"Tutuola, Amos",,"=""0571049966""","=""9780571049967""",3,Faber and Faber ,Paperback,125,1977,1952,2024/12/22,2024/12/03,,,read,,,,1,0
62039166,The Bee Sting,Paul Murray,"Murray, Paul",,"=""0374600309""","=""9780374600303""",0,"Farrar, Straus and Giroux",Hardcover,645,2023,2023,,2024/12/18,to-read,to-read (#52),to-read,,,,0,0
53301633,A Casa Holandesa,Ann Patchett,"Patchett, Ann",Alessandra Esteche,"=""8551005901""","=""9788551005903""",0,Intrínseca,Hardcover,340,2020,2019,,2024/12/18,to-read,to-read (#51),to-read,,,,0,0
54379300,Apneia,Tânia Ganho,"Ganho, Tânia",,"=""9896608105""","=""9789896608101""",0,Casa das Letras,Paperback,696,2020,2020,,2024/12/18,to-read,to-read (#50),to-read,,,,0,0
43788851,Pretending,Holly Bourne,"Bourne, Holly",,"=""1529312019""","=""9781529312010""",4,Hodder & Stoughton,Hardcover,438,2020,2020,2024/08/11,2022/02/08,,,read,,,,1,0
57693329,The World According to Color: A Cultural History,James     Fox,"Fox, James",,"=""1250278511""","=""9781250278517""",0,St. Martin's Press,Hardcover,320,2022,2022,,2024/12/17,to-read,to-read (#49),to-read,,,,0,0
29610266,White Nights,Fyodor Dostoevsky,"Dostoevsky, Fyodor",Ronald Meyer,"=""0241252083""","=""9780241252086""",0,Penguin Classics,Paperback,113,2016,1848,,2024/11/19,to-read,to-read (#48),to-read,,,,0,0
55727009,The Vanishing Act of Esme Lennox,Maggie O'Farrell,"O'Farrell, Maggie",,"=""""","=""9780755372263""",0,Headline Publishing Group,Kindle Edition,290,2006,2006,,2024/11/19,to-read,to-read (#47),to-read,,,,0,0
59777955,Notes on Heartbreak,Annie Lord,"Lord, Annie",,"=""1398705489""","=""9781398705487""",0,Trapeze,Hardcover,400,2022,2022,,2024/11/19,to-read,to-read (#46),to-read,,,,0,0
25489025,The Vegetarian,Han Kang,"Kang, Han",Deborah Smith,"=""0553448188""","=""9780553448184""",0,Hogarth,Hardcover,158,2016,2007,,2024/10/10,to-read,to-read (#45),to-read,,,,0,0
30155208,Pequenos Vigaristas,Gillian Flynn,"Flynn, Gillian",Rosa Amorim,"=""9722531794""","=""9789722531795""",0,Bertrand Editora,Hardcover,79,2016,2014,,2024/10/03,,,read,,,,1,0
207727069,A Cicatriz,Maria Francisca Gama,"Gama, Maria Francisca",,"=""9897875751""","=""9789897875755""",0,Suma de Letras / Penguin,Paperback,168,2024,2024,,2024/09/12,to-read,to-read (#44),to-read,,,,0,0
198902277,The Wedding People,Alison Espach,"Espach, Alison",,"=""""","=""""",0,Henry Holt and Company,Hardcover,367,2024,2024,,2024/09/02,to-read,to-read (#43),to-read,,,,0,0
6900,"Tuesdays with Morrie: An Old Man, a Young Man, and Life's Greatest Lesson",Mitch Albom,"Albom, Mitch",,"=""""","=""""",4,Warner,Paperback,210,2000,1997,2024/08/20,2024/08/15,,,read,,,,1,0
4671,The Great Gatsby,F. Scott Fitzgerald,"Fitzgerald, F. Scott",,"=""0743273567""","=""9780743273565""",0,Scribner,Paperback,180,2025,1925,,2024/08/15,to-read,to-read (#42),to-read,,,,0,0
200142395,En agosto nos vemos,Gabriel García Márquez,"Márquez, Gabriel García",,"=""8439743076""","=""9788439743071""",4,Random House,Hardcover,142,2024,2024,2024/07/22,2024/07/21,,,read,,,,1,0
11297,Norwegian Wood,Haruki Murakami,"Murakami, Haruki",Jay Rubin,"=""""","=""""",0,Vintage Books,Paperback,296,2000,1987,,2024/07/14,to-read,to-read (#41),to-read,,,,0,0
8143909,Foster,Claire Keegan,"Keegan, Claire",,"=""0571255655""","=""9780571255658""",0,Faber & Faber,Paperback,101,2010,2010,,2024/06/25,to-read,to-read (#40),to-read,,,,0,0
31196,The Razor’s Edge,W. Somerset Maugham,"Maugham, W. Somerset",,"=""1400034205""","=""9781400034208""",0,Vintage International,Paperback,314,2003,1944,,2024/06/25,to-read,to-read (#39),to-read,,,,0,0
142492,Vile Bodies,Evelyn Waugh,"Waugh, Evelyn",,"=""0316926116""","=""9780316926119""",0,Back Bay Books,Paperback,322,1999,1930,,2024/06/25,to-read,to-read (#38),to-read,,,,0,0
6514,The Bell Jar,Sylvia Plath,"Plath, Sylvia",,"=""""","=""""",0,Harper Perennial Modern Classics,Paperback,294,2006,1963,,2024/06/25,to-read,to-read (#37),to-read,,,,0,0
5297,The Picture of Dorian Gray,Oscar Wilde,"Wilde, Oscar",Jeffrey Eugenides,"=""""","=""""",0,Random House: Modern Library,Paperback,272,2004,1890,,2024/06/25,to-read,to-read (#36),to-read,,,,0,0
75555793,"Beautiful World, Where Are You",Sally Rooney,"Rooney, Sally",,"=""0571365442""","=""9780571365449""",0,Faber  Faber,Paperback,337,2023,2021,,2024/06/25,to-read,to-read (#35),to-read,,,,0,0
28243032,We Are Okay,Nina LaCour,"LaCour, Nina",,"=""0525425896""","=""9780525425892""",0,Dutton Books for Young Readers,Hardcover,236,2017,2017,,2024/06/25,to-read,to-read (#34),to-read,,,,0,0
45289222,Writers & Lovers,Lily King,"King, Lily",,"=""""","=""""",0,Grove Press,Hardcover,320,2020,2020,,2024/06/25,to-read,to-read (#33),to-read,,,,0,0
51541496,Luster,Raven Leilani,"Leilani, Raven",,"=""0374194327""","=""9780374194321""",0,"Farrar, Straus and Giroux",Hardcover,227,2020,2020,,2024/06/25,to-read,to-read (#32),to-read,,,,0,0
39927096,"Less (Arthur Less, #1)",Andrew Sean Greer,"Greer, Andrew Sean",,"=""""","=""""",0,Lee Boudreaux Books,Kindle Edition,273,2017,2017,,2024/06/25,to-read,to-read (#31),to-read,,,,0,0
46041465,Everything I Know About Love,Dolly Alderton,"Alderton, Dolly",,"=""0062968785""","=""9780062968784""",0,Harper,Hardcover,368,2020,2018,,2024/06/17,to-read,to-read (#30),to-read,,,,0,0
59339945,Joan,Katherine J. Chen,"Chen, Katherine J.",,"=""1984855808""","=""9781984855800""",0,Random House,Hardcover,368,2022,2022,,2024/06/17,to-read,to-read (#29),to-read,,,,0,0
60102361,Black Butterflies,Priscilla  Morris,"Morris, Priscilla",,"=""""","=""""",0,,Kindle Edition,256,2022,2022,,2024/06/17,to-read,to-read (#28),to-read,,,,0,0
57693411,In Defense of Witches: The Legacy of the Witch Hunts and Why Women Are Still on Trial,Mona Chollet,"Chollet, Mona","Sophie R. Lewis, Carmen Maria Machado","=""125027141X""","=""9781250271419""",0,St. Martin's Press,Hardcover,320,2022,2018,,2024/06/17,to-read,to-read (#27),to-read,,,,0,0
27209486,Modern Lovers,Emma Straub,"Straub, Emma",,"=""159463467X""","=""9781594634673""",0,Riverhead Books,Hardcover,353,2016,2016,,2024/05/20,to-read,to-read (#26),to-read,,,,0,0
57693262,Cleopatra and Frankenstein,Coco Mellors,"Mellors, Coco",,"=""1635576814""","=""9781635576818""",5,Bloomsbury Publishing,Paperback,368,2022,2022,2024/05/20,2023/12/27,,,read,,,,1,0
55425712,Marilyn: Una biografía,María Hesse,"Hesse, María",,"=""8426407773""","=""9788426407771""",0,Editorial Lumen,Hardcover,160,2020,2020,,2024/05/06,to-read,to-read (#25),to-read,,,,0,0
33597976,The Snow Child,Eowyn Ivey,"Ivey, Eowyn",,"=""""","=""""",0,"Little, Brown and Company",Kindle Edition,423,2012,2012,,2024/04/17,to-read,to-read (#24),to-read,,,,0,0
17235026,"The Girl with All the Gifts (The Girl With All the Gifts, #1)",M.R. Carey,"Carey, M.R.",,"=""0356500152""","=""9780356500157""",4,Orbit ,Paperback,461,2014,2014,2024/03/28,2024/02/18,,,read,,,,1,0
55196813,"The Maid (Molly the Maid, #1)",Nita Prose,"Prose, Nita",,"=""0593356152""","=""9780593356159""",0,Ballantine Books,Hardcover,289,2022,2022,,2024/02/18,to-read,to-read (#23),to-read,,,,0,0
22552026,Long Way Down,Jason Reynolds,"Reynolds, Jason",,"=""1481438255""","=""9781481438254""",0,Atheneum/Caitlyn Dlouhy Books,Hardcover,306,2017,2017,,2024/02/18,to-read,to-read (#22),to-read,,,,0,0
18774964,A Man Called Ove,Fredrik Backman,"Backman, Fredrik",Henning Koch,"=""1476738017""","=""9781476738017""",0,Atria Books,Hardcover,337,2014,2012,,2024/02/18,to-read,to-read (#21),to-read,,,,0,0
61439040,1984,George Orwell,"Orwell, George",Thomas Pynchon,"=""0452284236""","=""9780452284234""",5,Plume,Paperback,368,2022,1948,2024/01/27,2022/07/30,,,read,,,,1,0
170448,Animal Farm,George Orwell,"Orwell, George","Russell Baker, C.M. Woodhouse","=""0451526341""","=""9780451526342""",4,Signet Classics,Mass Market Paperback,141,1996,1945,,2024/01/16,,,read,,,,1,0
59364173,I'm Glad My Mom Died,Jennette McCurdy,"McCurdy, Jennette",,"=""""","=""""",4,Simon & Schuster,ebook,320,2022,2022,2024/01/11,2023/11/01,,,read,,,,1,0
22822858,A Little Life,Hanya Yanagihara,"Yanagihara, Hanya",,"=""0385539258""","=""9780385539258""",0,Doubleday,Hardcover,720,2015,2015,,2024/01/10,to-read,to-read (#20),to-read,,,,0,0
42831481,Eliete,Dulce Maria Cardoso,"Cardoso, Dulce Maria",,"=""9896714584""","=""9789896714581""",0,Edições Tinta-da-China,Hardcover,288,2018,2018,,2024/01/04,to-read,to-read (#19),to-read,,,,0,0
21435166,Tudo São Histórias de Amor,Dulce Maria Cardoso,"Cardoso, Dulce Maria",,"=""9896711984""","=""9789896711986""",0,Edições Tinta-da-China,Hardcover,200,2014,2014,,2024/01/04,to-read,to-read (#18),to-read,,,,0,0
62047984,Yellowface,R.F. Kuang,"Kuang, R.F.",,"=""""","=""""",0,William Morrow,Paperback,319,2023,2023,,2024/01/04,to-read,to-read (#17),to-read,,,,0,0
5886881,Dark Places,Gillian Flynn,"Flynn, Gillian",,"=""0307341569""","=""9780307341563""",5,Shaye Areheart Books,Hardcover,424,2009,2009,,2024/01/04,,,read,,,,1,0
303774,Sharp Objects,Gillian Flynn,"Flynn, Gillian",,"=""""","=""""",4,Weidenfeld & Nicolson,Paperback,320,2007,2006,,2016/02/10,,,read,,,,1,0
53138199,Girlhood,Melissa Febos,"Febos, Melissa",,"=""1635572525""","=""9781635572520""",0,Bloomsbury Publishing,Hardcover,320,2021,2021,,2023/12/27,to-read,to-read (#16),to-read,,,,0,0
52578297,"The Midnight Library (The Midnight World, #1)",Matt Haig,"Haig, Matt",,"=""0525559477""","=""9780525559474""",0,Viking,Hardcover,288,2020,2020,,2023/12/27,to-read,to-read (#15),to-read,,,,0,0
56646330,Assembly,Natasha   Brown,"Brown, Natasha",,"=""0316268267""","=""9780316268264""",0,"Little, Brown and Company",Hardcover,112,2021,2021,,2023/12/27,to-read,to-read (#14),to-read,,,,0,0
960,"Angels & Demons (Robert Langdon, #1)",Dan    Brown,"Brown, Dan",,"=""1416524797""","=""9781416524793""",0,Pocket Books,Mass Market Paperback,736,2006,2000,,2023/12/24,to-read,to-read (#13),to-read,,,,0,0
40389527,The Woman in the Window,A.J. Finn,"Finn, A.J.",,"=""""","=""""",0,William Morrow,Kindle Edition,455,2018,2018,,2023/12/24,to-read,to-read (#12),to-read,,,,0,0
22557272,The Girl on the Train,Paula Hawkins,"Hawkins, Paula",,"=""1594633665""","=""9781594633669""",0,Riverhead Books,Hardcover,336,2015,2015,,2023/12/24,to-read,to-read (#11),to-read,,,,0,0
52843028,"The Mysterious Affair at Styles (Hercule Poirot, #1)",Agatha Christie,"Christie, Agatha",,"=""1734452595""","=""9781734452594""",0,Warbler Classics,Paperback,174,2020,1920,,2023/12/24,to-read,to-read (#10),to-read,,,,0,0
16299,And Then There Were None,Agatha Christie,"Christie, Agatha",,"=""0312330871""","=""9780312330873""",0,St. Martin's Griffin,Paperback,264,2004,1939,,2023/12/24,to-read,to-read (#9),to-read,,,,0,0
60556912,"The Housemaid (The Housemaid, #1)",Freida McFadden,"McFadden, Freida",,"=""1803144378""","=""9781803144375""",0,Bookouture,Kindle Edition,329,2022,2022,,2023/12/24,to-read,to-read (#8),to-read,,,,0,0
2429135,"The Girl With the Dragon Tattoo (Millennium, #1)",Stieg Larsson,"Larsson, Stieg",Reg Keeland,"=""0670069019""","=""9780670069019""",0,Viking Canada,Hardcover,480,2008,2005,,2023/12/24,to-read,to-read (#7),to-read,,,,0,0
2657,To Kill a Mockingbird,Harper Lee,"Lee, Harper",,"=""0060935464""","=""9780060935467""",0,Harper Perennial Modern Classics ,Paperback,323,2006,1960,,2023/12/24,to-read,to-read (#6),to-read,,,,0,0
13623848,The Song of Achilles,Madeline Miller,"Miller, Madeline",,"=""""","=""""",0,Ecco,Paperback,408,2012,2011,,2023/12/23,to-read,to-read (#5),to-read,,,,0,0
25242224,"The Story of the Lost Child (Neapolitan Novels, #4)",Elena Ferrante,"Ferrante, Elena",Ann Goldstein,"=""1609452860""","=""9781609452865""",0,Europa Editions,Paperback,473,2015,2014,,2023/11/01,to-read,to-read (#4),to-read,,,,0,0
57747422,"A Mão Que Mata (Bruno Saraiva, #1)",Lourenço Seruya,"Seruya, Lourenço",,"=""9899039284""","=""9789899039285""",3,Cultura Editora,Paperback,320,2021,2021,2023/12/23,2023/11/01,,,read,,,,1,0
99561,Looking for Alaska,John  Green,"Green, John",,"=""1435249151""","=""9781435249158""",0,Speak,Paperback,221,2006,2005,,2023/11/01,,,read,,,,1,0
54121,Ensaio Sobre a Cegueira,José Saramago,"Saramago, José",,"=""9722110217""","=""9789722110211""",5,Editorial Caminho,Paperback,310,1998,1995,,2023/11/01,,,read,,,,1,0
23156040,"Those Who Leave and Those Who Stay (Neapolitan Novels, #3)",Elena Ferrante,"Ferrante, Elena",Ann Goldstein,"=""""","=""""",5,Europa Editions,Paperback,418,2014,2013,,2023/11/01,,,read,,,,1,0
17465515,"The Story of a New Name (Neapolitan Novels, #2)",Elena Ferrante,"Ferrante, Elena",Ann Goldstein,"=""""","=""""",5,Europa Editions,Paperback,471,2013,2012,,2023/11/01,,,read,,,,1,0
4865,How to Win Friends & Influence People,Dale Carnegie,"Carnegie, Dale",,"=""""","=""""",0,Gallery Books,Paperback,288,1998,1936,,2023/10/28,to-read,to-read (#3),to-read,,,,0,0
82888,Dom Casmurro,Machado de Assis,"Assis, Machado de",,"=""0850515033""","=""9780850515039""",3,Luso-Brazilian Books,Paperback,176,2005,1899,2023/10/28,2023/02/26,,,read,,,,1,0
28257707,The Subtle Art of Not Giving a F*ck: A Counterintuitive Approach to Living a Good Life,Mark Manson,"Manson, Mark",,"=""""","=""9798804636129""",0,Harper,Paperback,212,2016,2016,,2022/08/26,to-read,to-read (#2),to-read,,,,0,0
41057294,Normal People,Sally Rooney,"Rooney, Sally",,"=""1984822179""","=""9781984822178""",0,Crown,Hardcover,273,2019,2018,2022/07/30,2022/01/15,,,read,,,,1,0
36336078,"Call Me By Your Name (Call Me By Your Name, #1)",André Aciman,"Aciman, André",,"=""""","=""""",0,Atlantic Books,Paperback,248,2017,2007,,2022/01/21,to-read,to-read (#1),to-read,,,,0,0
9164740,Livro,José Luís Peixoto,"Peixoto, José Luís",,"=""9725648994""","=""9789725648995""",5,Quetzal Editores,Paperback,264,2010,2010,,2022/01/21,,,read,,,,1,0
68204,Memorial do Convento (José Saramago): Analise da Obra,Conceição Jacinto,"Jacinto, Conceição",,"=""9720401362""","=""9789720401366""",0,Porto Editora,Paperback,96,2007,,,2022/01/21,,,read,,,,1,0
1092477,A Cidade e as Serras,Eça de Queirós,"Queirós, Eça de",Carlos Reis,"=""9725681266""","=""9789725681268""",0,Verbo,Paperback,247,1992,1901,,2022/01/21,,,read,,,,1,0
19288043,Gone Girl,Gillian Flynn,"Flynn, Gillian",,"=""0307588378""","=""9780307588371""",5,Ballantine Books,Paperback,415,2014,2012,,2022/01/15,,,read,,,,1,0
19063,The Book Thief,Markus Zusak,"Zusak, Markus",,"=""""","=""""",5,Alfred A. Knopf,Kindle Edition,592,2006,2005,,2022/01/15,,,read,,,,1,0
38820047,Killing Commendatore,Haruki Murakami,"Murakami, Haruki",,"=""052552004X""","=""9780525520047""",4,Knopf,Hardcover,681,2018,2017,,2022/01/15,,,read,,,,1,0
