match_method,match_score,gr_shelf,gr_title,gr_author,gr_isbn,gr_isbn13,gr_my_rating,gr_publisher,gr_binding,gr_pages,gr_year_published,gr_original_year,gr_date_read,gr_date_added,gr_bookshelves,gr_my_review,gr_read_count,gr_book_id,feira_titulo,feira_subtitulo,feira_autor,feira_isbn,feira_chancela,feira_participante,feira_stand,feira_pvp,feira_pvp_feira,feira_pvp_livro_do_dia,feira_livro_do_dia_datas,feira_cover_jpg,feira_cover_webp
isbn,100,did-not-finish,O Dever de Deslumbrar - Biografia de Natália Correia,Filipa Martins,9896661766,9789896661762,0,Contraponto Editores,Paperback,695,2023,2023,,2024/11/20,did-not-finish,,1,123255619,O Dever de Deslumbrar,,Filipa Martins,9789896661762,Contraponto Editores,BERTRAND EDITORA,A10,24.90,17.43,14.94,"2026-05-28, 2026-06-02, 2026-06-07, 2026-06-12",https://feiradolivrodelisboa.pt/_fll/wp-content/uploads/book-covers/9789896661762.jpg,https://feiradolivrodelisboa.pt/_fll/wp-content/uploads/book-covers/9789896661762.webp
isbn,100,read,A Malnascida,Beatrice Salvioni,989784872X,9789897848728,5,Alfaguara,Paperback,248,2023,2023,2026/03/23,2025/01/01,read,,1,199296673,A malnascida,,Beatrice Salvioni,9789897848728,ALFAGUARA,PENGUIN RANDOM HOUSE,H28,18.85,15.08,11.31,"2026-06-06, 2026-06-10",https://feiradolivrodelisboa.pt/_fll/wp-content/uploads/book-covers/9789897848728.jpg,https://feiradolivrodelisboa.pt/_fll/wp-content/uploads/book-covers/9789897848728.webp
isbn,100,read,Catarina e a Beleza de Matar Fascistas,Tiago Rodrigues,9896718261,9789896718268,4,Tinta da China,Paperback,224,2024,,2026/03/13,2025/07/22,read,"Teatro que nos traz uma ótima reflexão. Relativamente ao livro como um todo, infelizmente o posfácio, apesar de conter vários elementos interessantes, demontrou-se demasiado extenso.",1,211096409,Catarina e a Beleza de Matar Fascistas,,Tiago Rodrigues,9789896718268,Tinta-da-china,TINTA-DA-CHINA,E18,16.90,14.00,10.14,"2026-06-04, 2026-06-14",https://feiradolivrodelisboa.pt/_fll/wp-content/uploads/book-covers/9789896718268.jpg,https://feiradolivrodelisboa.pt/_fll/wp-content/uploads/book-covers/9789896718268.webp
isbn,100,read,O Caderno Proibido,Alba de Céspedes,9897872310,9789897872310,5,Alfaguara,Paperback,294,2024,1952,2025/12/24,2025/04/04,read,,1,213975223,O caderno proibido,,Alba de Céspedes,9789897872310,ALFAGUARA,PENGUIN RANDOM HOUSE,H28,19.45,15.56,11.67,"2026-06-04, 2026-06-10, 2026-05-27",https://feiradolivrodelisboa.pt/_fll/wp-content/uploads/book-covers/9789897872310.jpg,https://feiradolivrodelisboa.pt/_fll/wp-content/uploads/book-covers/9789897872310.webp
isbn,100,read,A Desobediente: Biografia de Maria Teresa Horta,Patrícia Reis,9896663564,9789896663568,4,Contraponto Editores,Paperback,424,2024,,2025/09/30,2024/12/10,read,,1,208877363,A Desobediente,,Patrícia Reis,9789896663568,Contraponto Editores,BERTRAND EDITORA,A10,20.90,14.63,12.54,"2026-05-28, 2026-06-02, 2026-06-07, 2026-06-12",https://feiradolivrodelisboa.pt/_fll/wp-content/uploads/book-covers/9789896663568.jpg,https://feiradolivrodelisboa.pt/_fll/wp-content/uploads/book-covers/9789896663568.webp
isbn,100,to-read,Novas Cartas Portuguesas,Maria Isabel Barreno,9722040111,9789722040112,0,Publicações Dom Quixote,Paperback,415,2010,1972,,2025/02/04,to-read,,0,9938267,NOVAS CARTAS PORTUGUESAS  EDIÇÃO ANOTADA,,AAVV,9789722040112,DOM QUIXOTE,LEYA,F18,24.90,19.90,14.90,"2026-05-27, 2026-06-02, 2026-06-05, 2026-06-08, 2026-06-11, 2026-06-14",https://feiradolivrodelisboa.pt/_fll/wp-content/uploads/book-covers/9789722040112.jpg,https://feiradolivrodelisboa.pt/_fll/wp-content/uploads/book-covers/9789722040112.webp
isbn,100,to-read,A Cicatriz,Maria Francisca Gama,9897875751,9789897875755,0,Suma de Letras / Penguin,Paperback,168,2024,2024,,2024/09/12,to-read,,0,207727069,A Cicatriz,,Maria Francisca Gama,9789897875755,SUMA DE LETRAS,PENGUIN RANDOM HOUSE,E16,16.25,13.00,9.75,"2026-05-30, 2026-06-07, 2026-06-12, 2026-06-13",https://feiradolivrodelisboa.pt/_fll/wp-content/uploads/book-covers/9789897875755.jpg,https://feiradolivrodelisboa.pt/_fll/wp-content/uploads/book-covers/9789897875755.webp
fuzzy,92.2,to-read,O Amor nos Tempos do Cólera,Gabriel García Márquez,850102872X,9788501028723,0,Record,Paperback,432,1998,1985,,2026/05/20,to-read,,0,510652,BIS - O AMOR NOS TEMPOS DE CÓLERA,,GABRIEL GARCÍA MÁRQUEZ,9789896602123,LEYA,LEYA,F18,9.95,8.00,6.00,"2026-05-31, 2026-06-05, 2026-06-11",https://feiradolivrodelisboa.pt/_fll/wp-content/uploads/book-covers/9789896602123.jpg,https://feiradolivrodelisboa.pt/_fll/wp-content/uploads/book-covers/9789896602123.webp
fuzzy,100.0,currently-reading,Cem Anos de Solidão,Gabriel García Márquez,9722000314,9789722000314,0,Publicações Dom Quixote,Paperback,378,2005,1967,,2026/04/03,currently-reading,,1,3234419,CEM ANOS DE SOLIDÃO,,GABRIEL GARCÍA MÁRQUEZ,9789722063883,DOM QUIXOTE,LEYA,H56,22.20,17.80,13.30,"2026-05-31, 2026-06-08, 2026-06-10, 2026-06-14",https://feiradolivrodelisboa.pt/_fll/wp-content/uploads/book-covers/9789722063883.jpg,https://feiradolivrodelisboa.pt/_fll/wp-content/uploads/book-covers/9789722063883.webp
fuzzy,85.0,read,Ballad for Sophie,Filipe Melo,1603094989,9781603094986,5,Top Shelf Productions,Paperback,320,2021,2020,2026/03/27,2024/06/17,favorites,"Um livro escrito por quem ama música, ilustrado por um mestre das artes plásticas.<br/>Uma verdadeira e completa obra de arte. Impossível não amar esta história.",1,56705963,Balada para Sophie,,Juan Cavia Filipe Melo,9789897842825,COMPANHIA DAS LETRAS,PENGUIN RANDOM HOUSE,H25,37.75,30.20,22.65,"2026-06-04, 2026-06-13, 2026-06-14, 2026-05-30, 2026-06-05",https://feiradolivrodelisboa.pt/_fll/wp-content/uploads/book-covers/9789897842825.jpg,https://feiradolivrodelisboa.pt/_fll/wp-content/uploads/book-covers/9789897842825.webp
fuzzy,73.0,to-read,Project Hail Mary,Andy Weir,0593135202,9780593135204,0,Ballantine Books,Hardcover,476,2021,2021,,2026/03/21,to-read,,0,54493401,Projeto Hail Mary — Edição de Filme,,Andy Weir,9789895776450,Cultura,GRUPO INFINITO PARTICULAR,B09,22.90,20.61,18.32,2026-05-31,https://feiradolivrodelisboa.pt/_fll/wp-content/uploads/book-covers/9789895776450.jpg,https://feiradolivrodelisboa.pt/_fll/wp-content/uploads/book-covers/9789895776450.webp
fuzzy,79.5,read,Blue Sisters,Coco Mellors,0593723767,9780593723760,4,Ballantine Books,Hardcover,352,2024,2024,2025/12/01,2024/09/02,read,,1,195430687,Irmãs Blue,,Coco Mellors,9789895771493,Cultura,GRUPO INFINITO PARTICULAR,B09,19.95,17.96,15.96,2026-06-02,https://feiradolivrodelisboa.pt/_fll/wp-content/uploads/book-covers/9789895771493.jpg,https://feiradolivrodelisboa.pt/_fll/wp-content/uploads/book-covers/9789895771493.webp
fuzzy,100.0,read,"Um Dedo Borrado de Tinta, Histórias de Quem Não Pôde Aprender a Ler",Catarina  Gomes,9899153508,9789899153509,4,Fundação Francisco Manuel dos Santos,Kindle Edition,87,2024,2024,2025/10/13,2025/01/15,read,,1,208579942,"Um Dedo Borrado de Tinta, Histórias de Quem Não Pôde Aprender a Ler",,Catarina Gomes,9789899153493,FFMS - Fundação Francisco Manuel dos Santos,FUNDAÇÃO FRANCISCO MANUEL DOS SANTOS,E29,5.00,4.00,2.50,2026-06-02,https://feiradolivrodelisboa.pt/_fll/wp-content/uploads/book-covers/9789899153493.jpg,https://feiradolivrodelisboa.pt/_fll/wp-content/uploads/book-covers/9789899153493.webp
fuzzy,81.2,read,O Retorno,Dulce Maria Cardoso,,9788565500012,5,Edições Tinta-da-China Brasil,Hardcover,271,2013,2012,2025/10/10,2024/01/04,read,,1,12971382,Retorno (O) (Bolso),,Dulce Maria Cardoso,9789896711160,Tinta-da-china,TINTA-DA-CHINA,E18,16.90,14.00,10.14,"2026-06-07, 2026-06-14",https://feiradolivrodelisboa.pt/_fll/wp-content/uploads/book-covers/9789896711160.jpg,https://feiradolivrodelisboa.pt/_fll/wp-content/uploads/book-covers/9789896711160.webp
fuzzy,82.4,read,O Pequeno Livro do Grande Terramoto: Ensaio sobre 1755,Rui Tavares,9728955014,9789728955014,4,Edições Tinta-da-China,Paperback,224,2009,2005,,2025/06/26,read,,2,7512097,Pequeno Livro do Grande Terramoto (O) (Bolso),,Rui Tavares,9789728955892,Tinta-da-china,TINTA-DA-CHINA,E18,15.90,12.00,9.54,"2026-06-02, 2026-06-14",https://feiradolivrodelisboa.pt/_fll/wp-content/uploads/book-covers/9789728955892.jpg,https://feiradolivrodelisboa.pt/_fll/wp-content/uploads/book-covers/9789728955892.webp
fuzzy,100.0,read,Circe,Madeline Miller,0316556343,9780316556347,5,"Little, Brown and Company",Hardcover,393,2018,2018,2024/04/05,2023/12/23,read,,1,35959740,CIRCE,,"Miller, Madeline",9789899027022,Minotauro,GRUPO ALMEDINA,A55,23.50,16.45,11.75,2026-06-13,https://feiradolivrodelisboa.pt/_fll/wp-content/uploads/book-covers/9789899027022.jpg,https://feiradolivrodelisboa.pt/_fll/wp-content/uploads/book-covers/9789899027022.webp
fuzzy,100.0,read,O Principezinho,Antoine de Saint-Exupéry,9722328298,9789722328296,5,Editorial Presença,Paperback,96,2009,1943,,2022/01/21,favorites,,1,3143104,O PRINCIPEZINHO,,ANTOINE DE SAINT-EXUPÉRY,9789722055932,DOM QUIXOTE,LEYA,E32,7.00,5.60,4.20,2026-06-04,https://feiradolivrodelisboa.pt/_fll/wp-content/uploads/book-covers/9789722055932.jpg,https://feiradolivrodelisboa.pt/_fll/wp-content/uploads/book-covers/9789722055932.webp
fuzzy,100.0,read,A Natureza da Mordida,Carla Madeira,9788566256,9788566256352,5,Quixote+Do,Paperback,268,2018,2018,2025/06/17,2025/06/01,read,,1,43226692,A Natureza da Mordida,,Carla Madeira,9789899150553,Particular,GRUPO INFINITO PARTICULAR,B09,19.45,15.56,11.67,2026-06-08,https://feiradolivrodelisboa.pt/_fll/wp-content/uploads/book-covers/9789899150553.jpg,https://feiradolivrodelisboa.pt/_fll/wp-content/uploads/book-covers/9789899150553.webp
fuzzy,83.3,to-read,Um Quarto Só Para Si,Virginia Woolf,972708852X,9789727088522,0,Relógio D'Água Editores,Paperback,162,2007,1929,,2025/02/04,to-read,,0,23551324,Um Quarto Só Seu,,Virginia Woolf,9789897843327,PENGUIN CLÁSSICOS,PENGUIN RANDOM HOUSE,H23,9.95,7.96,5.97,"2026-05-30, 2026-06-04, 2026-06-07, 2026-06-13",https://feiradolivrodelisboa.pt/_fll/wp-content/uploads/book-covers/9789897843327.jpg,https://feiradolivrodelisboa.pt/_fll/wp-content/uploads/book-covers/9789897843327.webp
fuzzy,100.0,read,Madame Bovary,Gustave Flaubert,0192840398,9780192840394,4,Oxford University Press,Paperback,329,2004,1856,2025/01/22,2024/12/23,read,,1,2175,MADAME BOVARY,,Gustave Flaubert,9789897022173,Guerra e Paz,GUERRA E PAZ EDITORES,B29,15.50,10.85,9.30,2026-06-08,https://feiradolivrodelisboa.pt/_fll/wp-content/uploads/book-covers/9789897022173.jpg,https://feiradolivrodelisboa.pt/_fll/wp-content/uploads/book-covers/9789897022173.webp
fuzzy,97.0,read,Frida Kahlo: Una biografía,María Hesse,8426403433,9788426403438,4,Lumen,Hardcover,149,2016,2016,2024/05/06,2024/05/05,read,,1,33098885,Frida Kahlo. Uma biografia,,María Hesse,9789897847660,IGUANA,PENGUIN RANDOM HOUSE,H22,20.45,16.36,12.27,"2026-06-04, 2026-06-14",https://feiradolivrodelisboa.pt/_fll/wp-content/uploads/book-covers/9789897847660.jpg,https://feiradolivrodelisboa.pt/_fll/wp-content/uploads/book-covers/9789897847660.webp
fuzzy,100.0,to-read,A Casa Holandesa,Ann Patchett,8551005901,9788551005903,0,Intrínseca,Hardcover,340,2020,2019,,2024/12/18,to-read,,0,53301633,A Casa Holandesa,,Ann Patchett,9789898860286,Cultura,GRUPO INFINITO PARTICULAR,B09,19.45,15.56,11.67,"2026-05-28, 2026-06-11",https://feiradolivrodelisboa.pt/_fll/wp-content/uploads/book-covers/9789898860286.jpg,https://feiradolivrodelisboa.pt/_fll/wp-content/uploads/book-covers/9789898860286.webp
fuzzy,86.1,to-read,The Vegetarian,Han Kang,0553448188,9780553448184,0,Hogarth,Hardcover,158,2016,2007,,2024/10/10,to-read,,0,25489025,A VEGETARIANA,,HAN KANG,9789722061070,DOM QUIXOTE,LEYA,H56,16.60,13.30,10.00,"2026-05-29, 2026-06-06",https://feiradolivrodelisboa.pt/_fll/wp-content/uploads/book-covers/9789722061070.jpg,https://feiradolivrodelisboa.pt/_fll/wp-content/uploads/book-covers/9789722061070.webp
fuzzy,78.2,to-read,The Great Gatsby,F. Scott Fitzgerald,0743273567,9780743273565,0,Scribner,Paperback,180,2025,1925,,2024/08/15,to-read,,0,4671,GRANDE GATSBY (O),,"Fitzgerald, F. Scott",9789896413750,Relógio D’Água Editores,RELÓGIO D&#8217;ÁGUA EDITORES,B40,12.00,9.50,7.00,"2026-05-29, 2026-06-04, 2026-06-10",https://feiradolivrodelisboa.pt/_fll/wp-content/uploads/book-covers/9789896413750.jpg,https://feiradolivrodelisboa.pt/_fll/wp-content/uploads/book-covers/9789896413750.webp
fuzzy,100.0,to-read,Norwegian Wood,Haruki Murakami,,,0,Vintage Books,Paperback,296,2000,1987,,2024/07/14,to-read,,0,11297,NORWEGIAN WOOD,,HARUKI MURAKAMI,9789897416262,CASA DAS LETRAS,LEYA,H53,19.90,15.90,11.90,"2026-05-30, 2026-06-14",https://feiradolivrodelisboa.pt/_fll/wp-content/uploads/book-covers/9789897416262.jpg,https://feiradolivrodelisboa.pt/_fll/wp-content/uploads/book-covers/9789897416262.webp
fuzzy,76.0,to-read,The Picture of Dorian Gray,Oscar Wilde,,,0,Random House: Modern Library,Paperback,272,2004,1890,,2024/06/25,to-read,,0,5297,O RETRATO DE DORIAN GRAY,,Oscar Wilde,9789897021978,Guerra e Paz,GUERRA E PAZ EDITORES,B29,15.50,10.85,9.30,"2026-05-30, 2026-06-07, 2026-06-12, 2026-06-14",https://feiradolivrodelisboa.pt/_fll/wp-content/uploads/book-covers/9789897021978.jpg,https://feiradolivrodelisboa.pt/_fll/wp-content/uploads/book-covers/9789897021978.webp
fuzzy,91.0,read,Cleopatra and Frankenstein,Coco Mellors,1635576814,9781635576818,5,Bloomsbury Publishing,Paperback,368,2022,2022,2024/05/20,2023/12/27,read,,1,57693262,Cleópatra e Frankenstein,,Coco Mellors,9789895771912,Cultura,GRUPO INFINITO PARTICULAR,B09,20.95,18.86,16.76,2026-06-08,https://feiradolivrodelisboa.pt/_fll/wp-content/uploads/book-covers/9789895771912.jpg,https://feiradolivrodelisboa.pt/_fll/wp-content/uploads/book-covers/9789895771912.webp
fuzzy,96.4,to-read,Marilyn: Una biografía,María Hesse,8426407773,9788426407771,0,Editorial Lumen,Hardcover,160,2020,2020,,2024/05/06,to-read,,0,55425712,Marilyn. Uma biografia,,María Hesse,9789897843457,SUMA DE LETRAS,PENGUIN RANDOM HOUSE,H22,20.45,16.36,12.27,2026-06-09,https://feiradolivrodelisboa.pt/_fll/wp-content/uploads/book-covers/9789897843457.jpg,https://feiradolivrodelisboa.pt/_fll/wp-content/uploads/book-covers/9789897843457.webp
fuzzy,100.0,read,1984,George Orwell,0452284236,9780452284234,5,Plume,Paperback,368,2022,1948,2024/01/27,2022/07/30,read,,1,61439040,1984,,George Orwell,9789726081890,Antígona,ANTÍGONA,B19,14.00,11.20,8.40,"2026-05-30, 2026-05-31, 2026-06-04, 2026-06-06, 2026-06-07, 2026-06-10, 2026-06-13, 2026-06-14",https://feiradolivrodelisboa.pt/_fll/wp-content/uploads/book-covers/9789726081890.jpg,https://feiradolivrodelisboa.pt/_fll/wp-content/uploads/book-covers/9789726081890.webp
fuzzy,100.0,to-read,Eliete,Dulce Maria Cardoso,9896714584,9789896714581,0,Edições Tinta-da-China,Hardcover,288,2018,2018,,2024/01/04,to-read,,0,42831481,Eliete,A vida normal,Dulce Maria Cardoso,9789896715625,Tinta-da-china,TINTA-DA-CHINA,E18,16.90,13.50,10.14,"2026-06-02, 2026-06-14",https://feiradolivrodelisboa.pt/_fll/wp-content/uploads/book-covers/9789896715625.jpg,https://feiradolivrodelisboa.pt/_fll/wp-content/uploads/book-covers/9789896715625.webp
fuzzy,100.0,to-read,Tudo São Histórias de Amor,Dulce Maria Cardoso,9896711984,9789896711986,0,Edições Tinta-da-China,Hardcover,200,2014,2014,,2024/01/04,to-read,,0,21435166,Tudo São Histórias de Amor,,Dulce Maria Cardoso,9789896714963,Tinta-da-china,TINTA-DA-CHINA,E18,16.90,13.50,10.14,2026-06-12,https://feiradolivrodelisboa.pt/_fll/wp-content/uploads/book-covers/9789896714963.jpg,https://feiradolivrodelisboa.pt/_fll/wp-content/uploads/book-covers/9789896714963.webp
fuzzy,75.7,to-read,"The Midnight Library (The Midnight World, #1)",Matt Haig,0525559477,9780525559474,0,Viking,Hardcover,288,2020,2020,,2023/12/27,to-read,,0,52578297,MIDNIGHT LIBRARY THE  HAIG MATT,,MATT HAIG,9781786892737,CANONGATE BOOKS,EL CORTE INGLÉS,B02,14.75,11.80,8.85,2026-05-29,,
fuzzy,100.0,to-read,To Kill a Mockingbird,Harper Lee,0060935464,9780060935467,0,Harper Perennial Modern Classics ,Paperback,323,2006,1960,,2023/12/24,to-read,,0,2657,TO KILL A MOCKINGBIRD,,HARPER LEE,9780099549482,RANDOM HOUSE UK,EL CORTE INGLÉS,B02,14.03,11.22,8.42,2026-06-06,,
fuzzy,100.0,read,Dom Casmurro,Machado de Assis,0850515033,9780850515039,3,Luso-Brazilian Books,Paperback,176,2005,1899,2023/10/28,2023/02/26,read,,1,82888,DOM CASMURRO,,Machado de Assis,9789897022128,Guerra e Paz,GUERRA E PAZ EDITORES,B29,14.00,9.80,8.40,"2026-05-27, 2026-05-31, 2026-06-04, 2026-06-06, 2026-06-10, 2026-06-13, 2026-06-14",https://feiradolivrodelisboa.pt/_fll/wp-content/uploads/book-covers/9789897022128.jpg,https://feiradolivrodelisboa.pt/_fll/wp-content/uploads/book-covers/9789897022128.webp
fuzzy,73.2,read,Normal People,Sally Rooney,1984822179,9781984822178,0,Crown,Hardcover,273,2019,2018,2022/07/30,2022/01/15,read,,1,41057294,PESSOAS NORMAIS,,"Rooney, Sally",9789896419363,Relógio D’Água Editores,RELÓGIO D&#8217;ÁGUA EDITORES,A73,20.00,16.00,12.00,"2026-05-29, 2026-06-03, 2026-06-12",https://feiradolivrodelisboa.pt/_fll/wp-content/uploads/book-covers/9789896419363.jpg,https://feiradolivrodelisboa.pt/_fll/wp-content/uploads/book-covers/9789896419363.webp
possible_match,36.4,read,The Handmaid's Tale,Margaret Atwood,1328879941,9781328879943,5,Houghton Mifflin Harcourt,Hardcover,320,2017,1985,2026/02/24,2026/02/02,read,,1,34454589,Os Testamentos,,Margaret Atwood,9789722539289,Bertrand Editora,BERTRAND EDITORA,A14,18.80,13.16,11.28,"2026-05-28, 2026-06-02, 2026-06-07, 2026-06-12",https://feiradolivrodelisboa.pt/_fll/wp-content/uploads/book-covers/9789722539289.jpg,https://feiradolivrodelisboa.pt/_fll/wp-content/uploads/book-covers/9789722539289.webp
author_match,50.0,to-read,Educated,Tara Westover,0399590501,9780399590504,0,Random House,Hardcover,352,2018,2018,,2025/04/30,to-read,,0,35133922,Uma Educação,,Tara Westover,9789722533799,Bertrand Editora,BERTRAND EDITORA,A12,18.80,13.16,11.28,"2026-05-28, 2026-06-02, 2026-06-07, 2026-06-12",https://feiradolivrodelisboa.pt/_fll/wp-content/uploads/book-covers/9789722533799.jpg,https://feiradolivrodelisboa.pt/_fll/wp-content/uploads/book-covers/9789722533799.webp
possible_match,33.3,to-read,Melhor não contar,Tatiana Salem Levy,6556926027,9786556926025,0,Todavia,Kindle Edition,243,2024,2024,,2025/01/16,to-read,,0,212620353,Vista Chinesa,,Tatiana Salem Levy,9789895646067,ELSINORE,PENGUIN RANDOM HOUSE,H31,15.45,12.36,9.27,"2026-06-06, 2026-06-14",https://feiradolivrodelisboa.pt/_fll/wp-content/uploads/book-covers/9789895646067.jpg,https://feiradolivrodelisboa.pt/_fll/wp-content/uploads/book-covers/9789895646067.webp
possible_match,30.6,read,Invisible Women: Data Bias in a World Designed for Men,Caroline Criado Pérez,1419729071,9781419729072,4,Abrams Press,Hardcover,448,2019,2019,2024/07/24,2024/05/21,read,,1,41104077,MULHERES INVISÍVEIS,,"Criado-Perez, Caroline",9789897830235,Relógio D’Água Editores,RELÓGIO D&#8217;ÁGUA EDITORES,A70,22.00,17.50,13.00,"2026-05-29, 2026-06-04, 2026-06-10",https://feiradolivrodelisboa.pt/_fll/wp-content/uploads/book-covers/9789897830235.jpg,https://feiradolivrodelisboa.pt/_fll/wp-content/uploads/book-covers/9789897830235.webp
author_match,57.1,read,Almond,Sohn Won-Pyung,0062961373,9780062961372,3,HarperVia,Hardcover,272,2020,2017,2024/08/15,2024/07/28,read,,1,52219386,Amêndoas,,Sohn Won-pyung,9789722373623,Presença,"EDITORIAL PRESENÇA, S.A.",A39,16.90,13.55,10.15,"2026-06-01, 2026-06-04, 2026-06-13",https://feiradolivrodelisboa.pt/_fll/wp-content/uploads/book-covers/9789722373623.jpg,https://feiradolivrodelisboa.pt/_fll/wp-content/uploads/book-covers/9789722373623.webp
possible_match,40.0,to-read,Small Worlds,Caleb Azumah Nelson,024157434X,9780241574348,0,Viking,Paperback,260,2023,2023,,2025/01/01,to-read,,0,59634120,Mar Alto,,Caleb Azumah Nelson,9789898860675,Particular,GRUPO INFINITO PARTICULAR,B09,19.45,15.56,11.67,2026-06-14,https://feiradolivrodelisboa.pt/_fll/wp-content/uploads/book-covers/9789898860675.jpg,https://feiradolivrodelisboa.pt/_fll/wp-content/uploads/book-covers/9789898860675.webp
possible_match,33.3,read,The Palm-Wine Drinkard,Amos Tutuola,0571049966,9780571049967,3,Faber and Faber ,Paperback,125,1977,1952,2024/12/22,2024/12/03,read,,1,944103,O Bebedor de Vinho de Palma e Seu Falecido Vianteirona Vila da Gente Morta,,Amos Tutuola,9789896718558,Tinta-da-china,TINTA-DA-CHINA,E18,17.90,14.40,14.32,2026-06-14,https://feiradolivrodelisboa.pt/_fll/wp-content/uploads/book-covers/9789896718558.jpg,https://feiradolivrodelisboa.pt/_fll/wp-content/uploads/book-covers/9789896718558.webp
possible_match,21.1,to-read,The Vanishing Act of Esme Lennox,Maggie O'Farrell,,9780755372263,0,Headline Publishing Group,Kindle Edition,290,2006,2006,,2024/11/19,to-read,,0,55727009,HAMNET,,"O'Farrell, Maggie",9789897831249,Relógio D’Água Editores,RELÓGIO D&#8217;ÁGUA EDITORES,A71,20.00,16.00,12.00,"2026-06-10, 2026-06-12, 2026-06-04",https://feiradolivrodelisboa.pt/_fll/wp-content/uploads/book-covers/9789897831249.jpg,https://feiradolivrodelisboa.pt/_fll/wp-content/uploads/book-covers/9789897831249.webp
possible_match,25.0,to-read,Foster,Claire Keegan,0571255655,9780571255658,0,Faber & Faber,Paperback,101,2010,2010,,2024/06/25,to-read,,0,8143909,PEQUENAS COISAS COMO ESTAS,,"Keegan, Claire",9789897832864,Relógio D’Água Editores,RELÓGIO D&#8217;ÁGUA EDITORES,A71,15.00,12.00,9.00,"2026-06-10, 2026-06-12, 2026-06-04",https://feiradolivrodelisboa.pt/_fll/wp-content/uploads/book-covers/9789897832864.jpg,https://feiradolivrodelisboa.pt/_fll/wp-content/uploads/book-covers/9789897832864.webp
possible_match,36.0,to-read,"Beautiful World, Where Are You",Sally Rooney,0571365442,9780571365449,0,Faber  Faber,Paperback,337,2023,2021,,2024/06/25,to-read,,0,75555793,"MUNDO BELO, ONDE ESTÁS",,"Rooney, Sally",9789897831805,Relógio D’Água Editores,RELÓGIO D&#8217;ÁGUA EDITORES,A72,19.00,15.00,11.00,"2026-06-10, 2026-05-28, 2026-06-04",https://feiradolivrodelisboa.pt/_fll/wp-content/uploads/book-covers/9789897831805.jpg,https://feiradolivrodelisboa.pt/_fll/wp-content/uploads/book-covers/9789897831805.webp
possible_match,41.7,to-read,We Are Okay,Nina LaCour,0525425896,9780525425892,0,Dutton Books for Young Readers,Hardcover,236,2017,2017,,2024/06/25,to-read,,0,28243032,Eu Estou Aqui,,Nina LaCour,9789897871467,SECRET SOCIETY,PENGUIN RANDOM HOUSE,E11,16.65,13.32,9.99,"2026-05-27, 2026-06-01, 2026-06-03, 2026-06-08, 2026-06-11",https://feiradolivrodelisboa.pt/_fll/wp-content/uploads/book-covers/9789897871467.jpg,https://feiradolivrodelisboa.pt/_fll/wp-content/uploads/book-covers/9789897871467.webp
possible_match,31.6,to-read,"The Maid (Molly the Maid, #1)",Nita Prose,0593356152,9780593356159,0,Ballantine Books,Hardcover,289,2022,2022,,2024/02/18,to-read,,0,55196813,A Camareira,,Nita Prose,9789722375962,Presença,"EDITORIAL PRESENÇA, S.A.",A40,19.90,13.95,11.95,"2026-05-30, 2026-06-04, 2026-06-13",https://feiradolivrodelisboa.pt/_fll/wp-content/uploads/book-covers/9789722375962.jpg,https://feiradolivrodelisboa.pt/_fll/wp-content/uploads/book-covers/9789722375962.webp
possible_match,38.9,to-read,Long Way Down,Jason Reynolds,1481438255,9781481438254,0,Atheneum/Caitlyn Dlouhy Books,Hardcover,306,2017,2017,,2024/02/18,to-read,,0,22552026,Olha para os Dois Lados,,Jason Reynolds,9789895643806,FÁBULA,PENGUIN RANDOM HOUSE,E08,14.95,11.96,8.97,2026-06-09,https://feiradolivrodelisboa.pt/_fll/wp-content/uploads/book-covers/9789895643806.jpg,https://feiradolivrodelisboa.pt/_fll/wp-content/uploads/book-covers/9789895643806.webp
possible_match,38.5,read,I'm Glad My Mom Died,Jennette McCurdy,,,4,Simon & Schuster,ebook,320,2022,2022,2024/01/11,2023/11/01,read,,1,59364173,AINDA BEM QUE A MINHA MÃE MORREU,,JENNETTE MCCURDY,9789892356778,LUA DE PAPEL,LEYA,E43,17.90,14.30,10.70,2026-05-30,https://feiradolivrodelisboa.pt/_fll/wp-content/uploads/book-covers/9789892356778.jpg,https://feiradolivrodelisboa.pt/_fll/wp-content/uploads/book-covers/9789892356778.webp
author_match,47.4,to-read,The Song of Achilles,Madeline Miller,,,0,Ecco,Paperback,408,2012,2011,,2023/12/23,to-read,,0,13623848,O CANTO DE AQUILES,,"Miller, Madeline",9789899027961,Minotauro,GRUPO ALMEDINA,A55,22.50,15.75,11.25,2026-06-14,https://feiradolivrodelisboa.pt/_fll/wp-content/uploads/book-covers/9789899027961.jpg,https://feiradolivrodelisboa.pt/_fll/wp-content/uploads/book-covers/9789899027961.webp
possible_match,35.0,read,Looking for Alaska,John  Green,1435249151,9781435249158,0,Speak,Paperback,221,2006,2005,,2023/11/01,read,,1,99561,A CULPA É DAS ESTRELAS,,JOHN GREEN,9789892320946,ASA,LEYA,H50,17.50,14.00,10.50,2026-06-04,https://feiradolivrodelisboa.pt/_fll/wp-content/uploads/book-covers/9789892320946.jpg,https://feiradolivrodelisboa.pt/_fll/wp-content/uploads/book-covers/9789892320946.webp
possible_match,22.2,read,Ensaio Sobre a Cegueira,José Saramago,9722110217,9789722110211,5,Editorial Caminho,Paperback,310,1998,1995,,2023/11/01,read,,1,54121,CAÍN,,JOSÉ SARAMAGO,9788420461694,ALFAGUARA,EL CORTE INGLÉS,B02,18.90,15.12,11.34,2026-05-28,,
possible_match,35.7,read,A Cidade e as Serras,Eça de Queirós,9725681266,9789725681268,0,Verbo,Paperback,247,1992,1901,,2022/01/21,read,,1,1092477,MAIAS (OS),,"Queirós, Eça de",9789896416560,Relógio D’Água Editores,RELÓGIO D&#8217;ÁGUA EDITORES,B40,11.00,8.50,6.50,"2026-05-27, 2026-06-02, 2026-06-09",https://feiradolivrodelisboa.pt/_fll/wp-content/uploads/book-covers/9789896416560.jpg,https://feiradolivrodelisboa.pt/_fll/wp-content/uploads/book-covers/9789896416560.webp
possible_match,23.3,read,The Book Thief,Markus Zusak,,,5,Alfred A. Knopf,Kindle Edition,592,2006,2005,,2022/01/15,read,,1,19063,A Rapariga que Roubava Livros,,Markus Zusak,9789722339070,Presença,"EDITORIAL PRESENÇA, S.A.",A40,22.90,16.05,13.75,"2026-05-31, 2026-06-05, 2026-06-14",https://feiradolivrodelisboa.pt/_fll/wp-content/uploads/book-covers/9789722339070.jpg,https://feiradolivrodelisboa.pt/_fll/wp-content/uploads/book-covers/9789722339070.webp
